{"cameraMode":{"drawMode":0,"name":"Shaded","section":"Shading Mode"},"sceneLighting":false,"audioPlay":false,"sceneViewState":{"showFog":true,"showMaterialUpdate":false,"showSkybox":false,"showFlares":true,"showImageEffects":true,"showParticleSystems":true},"in2DMode":false,"pivot":{"x":-20.399999618530275,"y":13.718414306640625,"z":4.800000190734863},"rotation":{"x":-0.38926827907562258,"y":0.5891999006271362,"z":-0.3867088556289673,"w":-0.5931041240692139},"size":2.598076105117798,"orthographic":false}