{"cameraMode":{"drawMode":0,"name":"Shaded","section":"Shading Mode"},"sceneLighting":true,"audioPlay":false,"sceneViewState":{"showFog":true,"showMaterialUpdate":false,"showSkybox":true,"showFlares":true,"showImageEffects":true,"showParticleSystems":true},"in2DMode":false,"pivot":{"x":189.3665771484375,"y":168.46441650390626,"z":-486.5474548339844},"rotation":{"x":-0.23859988152980805,"y":0.6548232436180115,"z":-0.2300226092338562,"w":-0.6792398691177368},"size":18.520076751708986,"orthographic":false}